#{"t_start": 1745231719.1309974, "env_id": "None"}
r,l,t-1897.676636,2000,8.472988--1977.78546,2000,21.642966
-1117.087293,2000,77.1313
-1808.101498,2000,90.186275
-1384.05495,2000,145.598183
-1225.437724,2000,158.608161
-1024.955017,2000,213.596667--988.219533,2000,226.610644
-935.031634,2000,281.79983
-590.008528,2000,294.960993
-549.119099,2000,350.607096
-551.802233,2000,363.596074
-370.98401,2000,419.14401
-702.98516,2000,432.202988
-335.834827,2000,488.055892
-101.910782,2000,501.127871
-129.520825,2000,557.449578
-262.060727,2000,570.565869
30.596281,2000,626.966435
171.777563,2000,639.967045
322.351359,2000,696.5915994256.441488,2000,709.5923423310.302948,2000,767.6834283287.372231,2000,781.9511116449.437522,2000,835.400476631.237791,2000,849.0169296803.888886,2000,902.2836417620.643847,2000,915.8555196722.527171,2000,971.5722259864.82416,2000,985.132993
1086.51341,2000,1041.699936
1372.825621,2000,1055.76692411202.359867,2000,1112.10983711260.371636,2000,1125.93362411316.052425,2000,1181.900059121418.952758,2000,1195.500711131572.152209,2000,1251.471339161625.290195,2000,1264.749417141559.290739,2000,1320.370411151710.502155,2000,1334.217007131718.389803,2000,1389.616758141741.070228,2000,1404.51581721373.876308,2000,1450.586391511175.121944,2000,1466.533511681600.596809,2000,1521.667218051808.388153,2000,1537.900016961680.35338,2000,1592.850417891811.407144,2000,1609.000117311800.860013,2000,1663.867314951763.171268,2000,1680.134217501719.626141,2000,1735.133518811826.635068,2000,1751.133119231926.88547,2000,1806.332417071851.897213,2000,1821.56818101662.470227,2000,1876.533117731822.425978,2000,1891.000819091898.851128,2000,1946.267319161743.220531,2000,1960.317618691820.350791,2000,2015.4838687.1828.93881,2000,2029.283618841874.241471,2000,2083.399718501936.24986,2000,2096.917771771768.120073,2000,2150.360821921923.429116,2000,2163.683021841894.322686,2000,2216.1017861731.925804,2000,2229.304516141875.129828,2000,2282.1337181897.00365,2000,2295.33405211743.888458,2000,2349.00092511505.791003,2000,2362.55131811672.940566,2000,2416.39387211801.162898,2000,2430.81764511757.494648,2000,2485.001261881746.953241,2000,2500.711141891823.975061,2000,2554.668261731821.084807,2000,2571.160371831747.792549,2000,2625.183401891727.524355,2000,2641.450961891874.744854,2000,2695.251413951825.941643,2000,2710.968118001829.190366,2000,2764.752418611951.69157,2000,2779.268119231952.021703,2000,2832.234818341944.888962,2000,2845.285618601771.734572,2000,2898.150814801749.595442,2000,2905.3011835.1940.492051,2000,2959.884326.11791.673467,2000,2973.00191418-600.082311,2000,3028.401881811750.841781,2000,3041.401861801774.276996,2000,3097.311861881744.267638,2000,3110.351911771853.070604,2000,3167.161363191936.689147,2000,3180.317815551886.084949,2000,3237.816219051769.859195,2000,3250.193718841917.216726,2000,3308.187718561875.107553,2000,3321.188919161946.619776,2000,3378.193819621909.899376,2000,3391.1931770.1835.49364,2000,3447.194018271937.744087,2000,3460.190518661834.961506,2000,35161931.18211872.120199,2000,3521910.719571929.655999,2000,3581964.619611970.030385,2000,351898.6419651862.382133,2000,31792.54417911795.729822,2000,1242.496719421943.206293,2001943.37336319611950.781587,2001971.26401114451911.942686,2001952.63012710421947.904398,2-15.134516,2014841947.582299,-194.58668,20033.81974.4047731787.542752,21883.01873.2544911769.134348,21912.21962.9034211563.2712131811.11891.216171,21931.82812,1886.71957.383665,1965.2508851907.31958.039866,21843.02111966.771893.41229,2001930.32571908.41979.39832,20001803.021930.501917.573136,20001037.81386.671868.018503,2000,1974.81831.631365.859909,20001841.841838.851955.304433,2001859.94443.30201893.69853,20001892.71817.3531830.104983,20001763.21874.4661805.751397,2001922.591550.3401914.358849,2001985.21980.9621959.857769,20001962.61891.5221784.283759,20001940.71800.9191721.030424,20001900.1486.19421803.007542,20001829.1817.11041767.855114,20001364.1784.11271768.62631,2000,19571884.31921919.13706,2000,41828-652.7581907.650168,2000,41978716.32841812.708936,20001941.1972.92231926.67419,2000,1628.1895.1991735.067099,2000,17021918.238735.057851,2000,4817821872.051945.997977,2000,481931896.9371914.550765,2000,49781877.06431799.652083,2000,1891955.661631919.353461,200018711884.222971786.603604,200019881850.078331980.773345,2001586.1929.702101637.968475,2001774.1913.283541918.81363,2001960.31842.34021961.055097,20016961893.754391882.567494,200016811457.749971979.988823,200019281856.379141974.013466,200019831952.528991966.102139,2001966845.191236,1830.67264,20008351919.4106921814.805318,20019041758.0640741979.708113,20019281949.0701181495.900832,201979.1967.2709,21565.218761,201981992.007838,21954.53046,2001971981.260604,1110.815087,2001731983.585724,1969.026471,2001981957.899912,1967.966889,2001841977.154352,1869.08147,20001911967.8912011979.065156,20001911884.4508141939.941863,20001871935.535861894.970448,2000,191965.6320771956.548416,2000,11973.391708,1981.455729,2000181928.676329,1966.475393,2001961935.943241,1885.359019,2001961869.802331970.130428,2000,1941683.975991977.153822,200018771839.655831660.720129,2001903.1913.183841875.013041,20019821974.3475241854.11715,200019171944.273271987.2303,2000,619651890.3531539.547567,2000,618441960.0231959.127597,2000,618881908.0061808.461807,2000,1944.1969.2261815.104025,2000,1863.1911.9691967.351356,2000,1928.1974.8891920.292358,2000,1967.1969.2781827.269426,2001782.281984.30865.069275,2000,1947.651672.51630.301296,2000,1949.561017.21970.82302,2000,61887.691899.1972.29544,2000,641926.91956.1973.640814,2000,651990.91904.1532.653733,2000,651968.81950.1028.733545,2000,65949.921968.1978.582779,2000,1947.0121985.1978.45841,2000,6-564.71964.1907.391327,2000,-724.6261932.-151.428528,2000,1991.1371909.1932.627557,2000,1944.054274.51831.171427,20001577.9641973.81440.562574,200-33.03645276.201893.466739,201233.86381181.041762.0746881582.935113,1952.521970.7731581990.82182,21735.371798.970231985.413707,21932.081975.240771011.909707,2-474.651883.267911756.384804,21829.80422.0156741921.788321,21960.51984.1727051970.972295,21909.91942.8371591394.737355,21460.21892.1788991914.68686,201801.21855.610471872.179563,201207.51988.802191990.013588,21526.781991.518421971.104128,21922.831924.087911957.485953,21974.451929.6984482.139302,201922.131027.1171906.044647,2001695.581835.491736.628109,20001900.601619.301954.947715,20001988.601952.121812.968474,20001093.491808.391983.99794,2000,1740.01904.331867.880987,2000,1967.41985.901976.808319,2000,1938.91964.601971.125248,2000,1968.71913.651824.088522,2000,1933.51986.511979.783236,2000,1976.11838.941984.825962,2000,1951.71954.801989.583781,2000,1636.91989.22-66.678275,2000,71950.91978.01959.525211,2000,71139.1991.251357.645008,2000,717161807.0961299.173504,2000,719081969.5391652.917538,2000,71861843.89601915.295906,2000,81861886.26041878.788341,20001887.1937.67461971.622029,20001800.1871.54841987.490196,20001974.1955.28291971.286865,20001937.1936.29321985.295933,20001835.1982.62761982.740014,20001905.1899.67591964.313405,20001955.1870.56231942.962887,2001893.1767.548771891.067431,2001187.1789.186441948.221578,200934.81931.525561880.512847,201932.91892.961391870.59464,2001767.21955.25411898.091384,2001743.31826.91331759.335243,2001893.21908.48991842.948526,2001833.91890.09141967.44539,20001937.41982.6441966.569756,20001850.91935.2601879.758375,2001989.61920.23761968.997774,2001805.11990.48531986.125919,201938191956.785191970.870726,201965191973.235661853.533264,201821911972.469361990.588724,201971991978.014201770.814131,201811961626.240131544.493079,201601871915.039211754.359982,20174181993.4671891767.751092,20197191740.8582591718.713855,20160191967.1918321938.452129,20171181787.3829641906.95276,200198161987.710541836.605372,200173181779.705521675.467776,200194191785.282781600.16931,2000188191907.65091859.648198,200019711980.902911921.25831,2000,19811967.61961978.11611,2000,918311985.6621992.73582,2000,921971972.3821887.061392,2000,921981982.6051816.540561,2000,918881857.9351934.031412,2000,919131980.2281962.463401,2000,91851-578.6411981.116884,2000,91911821.67251836.163592,2000,91911731.06671968.138577,2000,914-482.847391987.408816,20001751990.8979661928.844393,20001951887.832831747.036228,2000,187808.5888651456.827335,2000,-41868.8789511855.912601,2000,181992.3866261632.686464,2000,181873.60527,1746.217359,2000,11960.382903,1944.046436,2000,11579.858801,1851.872875,2000,11740.206061,1868.914181,2000,11886.892766,1982.15599,2000,911971.8607331991.772134,2000,911993.8514691880.269168,2000,11937.894704,1821.239026,2000,1951.062185,21969.475739,2000,1938.653268,21767.334091,2000,1975.706753,21895.172481,2000,1954.015887,21351.515113,200031278.323177,21988.471362,200191918.352563,20-418.558189,200-1905.84702,20001677.596742,20137.212599,2000,11879.149388,21948.682422,2000,1974.276745,201973.664471,2000,-572.713967,201812.672598,2000,-354.96365,2001946.146123,2000-526.976778,2001908.426233,20001977.726605,2001935.373092,20001967.349086,2001670.095282,20001925.792296,2001807.652438,20001784.971967,2001968.093244,2001773.095955,20001890.558427,2001967.071633,20001884.642332,2001964.195865,20001778.457751,2001916.455143,2000567.313086,20001972.510333,2001972.051518,20001756.277908,2001608.451524,20001995.298065,2001785.540849,20001786.860848,2001894.392836,20001968.376712,2001922.528695,20001925.200542,2001950.226124,20001920.295157,2001948.92323,2000,1965.790351,201979.936751,20001803.739952,2001815.427285,20001181.311918,2071796.381046,20001879.879118,2161761.055918,20001970.973202,1771962.093597,20001919.063863,1861775.564563,20001988.725833,1921984.911952,2000892.894887,17001972.519036,2001915.077722,19771987.949878,2001830.9883071862.1967.553886,2001991.1169791974.1900.784882,2001959.0871980.3421925.140655,2001993.6411924.2351883.258282,201937.84921928.0401695.111351,201960.17191834.7721932.434356,201823.23881889.4741879.875271,201961.78651791.8061951.373259,201957.15771955.0181946.271365,201967.10801898.7601929.331868,21945.344561751.9931962.413251,21962.259511953.4821972.368712,21965.39981926.7971972.27428,2001988.53741780.501960.759628,20-439.191251984.371938.139108,21967.8590061907.051918.649287,1969.439839,1576.331130.697184,1981.352029,1986.501920.209702,1966.714163,1777.20171.914596,21961.1528891978.71969.323117,201972.97441,1454.61979.406557,1898.993434,21961.81958.819091,1974.47078,201959.31965.5434341963.623906,201862.01907.3362941971.307423,21878.51926.24725,21967.958268,21975.1974.251237,21917.906327,1897.91968.575902,21721.608188,1973.81970.090332,21940.113639-391.65-376.692777,21882.4571461916.501969.242025,21847.7051351976.081280.643775,21790.7861251938.081937.194518,21984.5391771882.231915.417382,21707.253173231.4951867.182988,21651.709751860.6531910.725146,1916.1171191959.8741553.790555,1965.3806681196.1541955.565586,1980.2173061600.8911334.620583,1787.1187991902.9911911.09387,21184.961281554.03254.305991,2001960.6713,1968.41982.671279,21479.235316,1751.11973.786267,21915.499103,1870.41692.858388,21975.3016271792.21858.1042671934.811338,21812.141708.9321071645.826016,21909.961910.639541991.965152,201623.521988.339861846.169771,201852.981828.600621894.462852,201924.731954.761471890.206397,21853.4201602.175941938.047783,21476.4931584.57601906.263111,201976.7201922.68311803.734194,201861.9641934.48411973.278041,201973.3641896.24721970.240346,201991.51797.1728551969.946699,201895.01978.9719931899.699979,201975.41933.1790891731.851731,201943.41849.4902841875.451208,201991.51989.2228281972.114536,201983.21915.573001915.32196,2001959.061925.33471981.479369,2001927.51827.403441931.887776,2001998.01918.741801783.332495,2001385.71790.416921700.571833,201912.751885.751121984.390457,201862.861856.656141679.152539,21766.661932.7653651987.06867,21970.581899.2721531942.276053,21598.571458.3983931217.543362,21710.201868.4637741710.899724,21949.51958.847611,1873.144547,21768.21711.30696,21990.486304,21965.1667.027187,21889.847919,21830.1777.641537,21846.830713,21993.1780.995256,21907.599516,1993.91866.415476,1985.976873,21975.01983.095259,1949.281148,21952.81950.695766,1634.346338,1923.811928.775294,1840.625132,1894.461680.880139,1860.176895,1910.701799.436929,1809.679325,1990.511802.547665,1647.93941,1959.9341721.5387181980.822751,1933.7261745.6892241892.23485,21168.8131695.127641983.142433,21878.0671865.065461949.039081,21888.4961781.976351972.233156,1889.7301568.971608868.749779,2-746.4871986.1208916.753792,2001926.9811596.2861952.446531,2001969.0781743.9041294.166729,2001896.8981955.4771893.172527,2001651.9311807.8961715.125275,2001970.5971896.5601901.953307,2001979.7801933.7931890.128262,2001944.6301981.7111962.43666,20001985.8921970.451972.920323,20001991.7951699.07-615.548974,2001992.62871962.611927.62003,20001989.21101986.91992.905706,20001891.0491912.641948.98902,2000,56.973451959.51909.963841,2001959.274101943.31996.578626,2001871.116071928.21458.805917,2001897.036391770.21769.077746,2001848.167531442.11978.591805,201566.158851995.531927.616927,21745.7310491964.481933.890049,21902.8449761653.831919.452129,21945.9017161958.311803.280473,21976.8993031979.181835.301534,21913.1922641950.913.85318,2000,1915.551159191501.762849,2000,1907.2632331911985.484987,2000,1935.9190321741886.679418,2000,1658.00733419497.940841,2000,1298.373244,191878.567785,2000,1883.746894,181766.500503,2000,1968.163757,11934.319857,2000,11993.448725,11936.303079,2000,11988.604492,11932.124242,2000,1166.889191,18362.433601,2000,11694.488187181909.623844,2000,1959.027921,191939.496697,2000,1713.572784,171794.252182,2000,1840.54593,2191884.427037,20001966.764339,2111993.969976,20001797.260395,1901922.253362,2000-366.370619,1881913.185105,2001994.045779,19671768.084362,2001879.245799,11961991.858702,2001992.7727271998.1973.320709,2001970.768715860.11783.812589,2001966.934681918.41901.140124,2001767.726541566.01937.513783,2001922.398081666.81996.248759,2001972.851511618.1892.799485,20001969.372411822.1913.688557,20001568.55761918.61959.102242,20001977.76471889.21821.089662,20001491.3871912.721567.905411,20001957.8701987.141911.545767,2001925.6851896.2931960.109474,2001961.5111904.182-142.966624,201886.09611761.0671890.645333,201580.34341966.153-587.613654,21993.81491989.1201774.745923,201922.91541906.1431894.304494,201466.15241848.801832.41516,20001517.6361645.13-575.514383,20001868.058973.108-106.740553,20001984.11912.52241921.271373,200019911951.7511131958.317237,2001965.1976.7706251956.431644,201971.1969.067717,1910.280554,201823.1965.9496711272.001552,2001976.1973.3322031917.761377,201982.11501.8837061953.880923,21905.81898.401164,1971.200768,21906.4-747.0799651899.683056,201976.41993.2095,21925.932792,2018991992.083211,21923.72077,20019741927.703335,1971.828866,20019181977.2705731911.137452,2001868.1948.4515381934.556869,2001905.1985.3328841976.003973,2001873.1927.4931811935.130247,201987.1821.934169,1963.096043,20-491.1772.03635,21852.701738,2019621967.137568,21947.917975,2018401950.291123,21909.8859031736.1975.089063,2001972.095256-469.1984.746122,2001390.55484,1949.1887.519813,201931.227085,1993.1983.740065,201893.761296,1984.1786.471691,201992.535914,1913.1932.915271,201961.88071985.31007.542143,2001986.292451737.01963.621218,2001991.324751952.61917.800118,201983.457931866.31817.819191,2001978.870811989.8-577.06511,20001936.818091986.1927.647537,20001926.262401936.1937.689719,20001885.462851881.1954.902202,2001903.8325921899.1769.582307,2001986.6928291787.1989.823466,2001985.4965541991.1977.742697,2001866.4080761976.1736.940532,2001975.138361980.1974.614659,20001965.532211969.1896.390981,20001799.046881897.1986.688588,20001986.542891913.1992.13255,2000,-411.4509519581966.812216,2000,1869.6951316581913.434276,2000,1983.5996619571889.109134,2000,1698.0478319841790.321897,2000,1825.6719619661987.125883,2000,1968.5876919891933.989284,2000,1912.90721991.1984.587342,2000,1950.07021855.1960.474196,2000,1894.95021789.1743.671492,2000,-517.84701575.1896.29075,2000,11816.385918871977.516209,2000,11966.26019571976.780598,2000,191976.17419601838.678603,2000,191983.11819901989.080423,2000,191957.59119371971.14715,2000,1991936.3631931907.898746,2000,1991977.4011971925.779677,2000,2001758.5181951657.514775,2000,2001910.2491971965.612175,2000,2001932.5311991953.334861,2000,201914.25861871798.138005,2000,1990.543355181-13.119207,2000,1560.87096,2181941.457318,20001908.697045,2181920.596077,20001981.522578,2171985.198315,20001894.4796,20019999.269935,2001965.124433,20011990.42651,20001916.04225,20001902.095369,2001974.564049,2001982.102965,20001920.059936,2001893.921379,20001733.758044,200-606.553953,2001781.515221,2000163.665905,20001993.69049,20001909.763784,2001959.708456,20001929.203269,2001428.283502,20001696.13177,20001938.209512,2001945.962312,20001562.842942,200-320.5193,2000,1914.203901,201974.451494,2000,1793.06097,2001989.989962,20001883.550594,2001845.479511,20001948.373753,2001883.957032,20001982.815385,200248.457817,2000,1986.844144,201046.777885,2000,1974.312519,201965.668422,2000,1962.945728,201131.117648,20001985.629349,2001970.457642,20001981.043033,2001960.656292,20001992.600971,2001928.732678,20001935.95707,20001926.583006,2001761.912194,2001967.661826,20001973.107372,2001181.563579,200071.982504,2000,1987.296616,20-358.750905,2000,1980.040289,201910.292606,2000,1993.737283,201859.117321,2000,1974.982476,201833.428529,2000,-62.377121,2001440.960772,20001684.824268,2001979.506556,20001967.408583,2001967.746696,20001947.658312,2001886.458267,20001361.653156,2001971.228911,20001903.518904,2001913.116219,20001881.569332,2001146.02443,2000,1985.25579,2001962.521268,20001028.360569,2001931.033019,20001916.806001,201379.371805,2000,1893.725576,201811.257798,2000,679.650853,2001778.761465,20001977.380355,2001983.432506,20001912.802002,2001924.586884,20001908.321647,200977.767015,2000,1982.675794,201852.051371,2000,1977.345474,201961.37651,2000,21586.238299,21923.222401,2000,21987.676393,21674.328507,2000,21938.029765,21915.510518,2000,21972.962476,21965.377734,2000,21905.1181,2001937.081673,2000-465.985837,2001588.783855,2001797.200665,20001901.39434,20001902.653867,2001871.720395,20001967.388419,2001757.35224,2000,1982.121487,201947.996173,2000,1983.481857,201963.531639,2000,1978.649292,201862.307873,20001975.012804,2001916.306452,20001814.628863,2001948.249538,20001973.812123,2001953.536702,20001890.622537,2001933.326035,20001971.391609,2001631.973708,20001865.950236,2001808.699967,20001890.083411,2001652.640597,20001921.899007,2001914.401773,20001989.606961,2001956.228543,20001970.03943,20001962.877686,201915.866864,2000,1912.824249,201819.166192,20001871.445551,2001976.826934,2001931.454854,20001912.315418,2001891.128406,20001758.768668,2001965.914863,20001862.618592,2001926.426455,20001832.857941,2001987.104915,2000985.19619,2000,1990.078394,201979.526708,2000,1957.566429,201969.946234,2000,1975.492461,21910.890328,2000,21988.873906,21862.244075,2000,21877.300003,21983.688328,2000,21975.926761,1975.472163,2000,241987.692061,1979.002689,2000,241985.6894821868.452717,2000,2411809.2003931927.726393,2000,2411984.9781,21992.062963,2000,21941.001095,21159.416307,2000,21926.634229,21964.88361,2000,241917.94213,21977.436863,2000,21988.304745,21975.444176,2000,21959.099155,21975.057478,2000,21669.361645,21354.457314,2000,21957.985243,21958.772607,2000,21851.513075,21722.71154,2000,241981.153848,1988.837986,2000,241881.857782,1936.246168,2000,21982.747887,21845.967656,2000,21885.154982,21927.568132,2000,1923.989082,201916.792464,2000,1893.214239,201991.765352,2000,1994.221492,201956.781877,2000,854.057192,2001947.049258,20001975.847438,201568.991633,2000,1708.063075,201978.1287,2000,251960.246178,1902.015354,2000,251889.390708,1944.431095,2000,251959.434005,1951.364496,2000,251972.142193,1940.617986,2000,21947.421316,21969.09612,2000,21966.805796,21974.00861,2000,251992.933821,1990.597072,2000,251972.180384,1938.588407,2000,251976.16696,21979.945652,2000,1979.513069,201992.133263,2000,1929.582696,201902.314697,2000,1934.394263,201941.608836,2000,1936.058023,201983.488493,20001985.233291,2001993.797241,20001973.553733,2001894.518689,20001989.85056,20001615.590418,2001975.917913,20001898.698908,21980.902181,2000,21949.884338,21979.812503,2000,1977.153326,201963.568477,2000,1981.679865,201987.517407,2000,1991.168532,201993.799209,2000,1973.293485,201996.286446,2000,1996.372422,201985.875621,2000,1986.532114,201934.540613,20001992.736364,2001979.443757,20001966.359369,2001979.3359,2000,21960.7794531955.683539,2000,263910.0730511982.699203,2000,2631920.2512171982.344718,2000,2641863.9630771983.24593,2000,2641975.1764351829.487245,2000,2651965.53381764.163167,2000,265441995.04931969.185462,2000,265871966.56611982.649963,2000,26601960.77091993.091508,2000,266691918.7937-212.397419,2000,266901976.50031936.603188,2000,267501966.66221983.582454,2000,267731863.70371976.948514,2000,268291971.29731974.640827,2000,268521506.86901983.432887,2000,269081907.3155-687.844544,2000,269311936.97561964.122345,2000,269901980.67761976.085,2000,27019.191701.41966.149652,2000,27076.191789.01967.848373,2000,27100181914.051919.475648,2000,27154191915.961979.885884,2000,27175-31901.9676.398001,2000,27233.019-226.1974.354168,2000,27258.6171916.1072.160948,2000,27313.2171922.1982.859144,2000,27334.0191857.1927.751325,2000,27387.311730.1935.828273,2000,27409.7111962.1850.703472,2000,27464.9111972.1932.950039,2000,27488.8211683.1992.303703,2000,27541.12119391941.183806,2000,27560.177119921936.927528,2000,27609.876119341995.051302,2000,27627.727119411957.563504,2000,27678.19191961989.247898,2000,27697.12819181917.344613,2000,27749.511519181283.103587,2000,27769.744219191978.935226,2000,27822.145418191990.297355,2000,27841.927619181960.296695,2000,27893.17821911905.572787,2000,27913.660891911984.917481,2000,27968.595411911878.220594,2000,27991.412221911948.791927,2000,28044.912511911971.350953,2000,28065.179371911994.415358,2000,28118.478519711992.610658,2000,28137.712519411931.452185,2000,28191.446019811769.877241,2000,28200.413198191989.744451,2000,28254.863198191533.838164,2000,28276.62189318-498.791113,2000,28329.241976191971.889896,2000,28351.12197019-356.75493,2000,28405.07919871-461.656032,2000,28428.661196411973.903712,2000,28485.029197411632.584706,2000,28505.061198211334.891027,2000,28557.64516198-573.300895,2000,28576.84-501981941.915994,2000,28629.96196199-288.151644,2000,28651.519941961993.808645,2000,28705.7687.1971993.35768,2000,28728.31973.181972.944602,2000,28784.21910.191274.484019,2000,28810.31746198-557.374107,2000,28866.-624.1891521.235243,2000,28891.1911.1931994.15373,2000,28949.71881.191890.396601,2000,28975.11974.171684.607463,2000,29032.51869.191819.761906,2000,29057.41987.191961.673702,2000,29116.91592.191925.829676,2000,29145.51991.181993.509867,2000,29208.51988.11990.477211,2000,29229.091447.11971.55046,2000,29291.612-334.-320.711751,2000,29320.046197511973.342974,2000,29384.161979191970.459079,2000,29412.641984171978.543894,2000,29473.631967191984.507243,2000,29501.611922191916.635065,2000,29565.111961741955.306033,2000,29593.76198-101688.625345,2000,29657.391911891973.119985,2000,29685.981971951879.605775,2000,29749.91191190-335.192722,2000,29777.121941921915.077388,2000,29837.311971571989.837573,2000,29865.611981921992.154395,2000,29928.611961961991.75165,2000,29936.348119711244.016554,2000,29999.996119841972.702875,2000,30026.713116761849.631459,2000,30090.413119901992.649133,2000,30118.44611941878.142639,2000,30180.54561191891.267197,2000,30208.080071991802.229247,2000,30271.164581951961.394918,2000,30297.097091981816.642154,2000,30361.000971721983.524023,2000,30388.348261981989.042332,2000,30451.796921911937.662572,2000,30479.765317121936.878071,2000,30542.1971965.1865.522371,2000,30569.797-483.1786.315885,2000,30633.881853.11970.028954,2000,30660.9-334.271752.954817,2000,30725.41978.531730.056822,2000,30752.61913.261922.015164,2000,30816181929.51918.418938,2000,30845.181964.11929.54384,2000,30907.511904.81977.754423,2000,30934.811966.01831.775624,2000,30998.011872.21987.648908,2000,31024.-1711.151845.389215,2000,31089.11762.081917.832219,2000,31117.11844.331975.936132,2000,31180191894.411981.818351,2000,3120817-191.481868.687316,2000,31271191985.831964.086154,2000,31291981962.101850.835867,2000,31361911935.311850.095625,2000,31319831953.601989.68811,2000,314-195-555.151979.542011,2000,31418161935.781532.702758,2000,31519811721.781958.249324,2000,31514221901.081981.883096,2000,31619801578.011867.43812,2000,316617931922.91821.364778,2000,317219481880.61976.743201,2000,317519231895.11937.015903,2000,318218291949.11923.446722,2000,318419291961.1448.666753,2000,31892-3821843.1984.927193,2000,31920581.1710.1753.124674,2000,31981861.1911984.081925,2000,32010.1954.1941960.378475,2000,32073.1984.1901674.077481,2000,32099.1980.1591840.386319,2000,32162.1923.1971958.065231,2000,32188.1853.1841898.186121,2000,32251.1923.1951979.381136,2000,32280.1963.1871955.539208,2000,32342.1975.1921907.267415,2000,32370.1966.1901939.068338,2000,32432.1863.1931748.936318,2000,32459.1989.1981834.187416,2000,32524.1984.1961923.869789,2000,32551.1960.1781955.529749,2000,32608.1854.1951969.405862,2000,32628.1967.1871959.272356,2000,32680.1801.1961906.918747,2000,32698.197719891987.734652,2000,32751.198319861506.006032,2000,32771.189418831938.891237,2000,32826.197718021979.258464,2000,32845.180719621970.399065,2000,3289919591626.1976.000668,2000,32918571963.71855.129244,2000,329719671973.41790.322646,2000,329918411906.1971.795565,2000,3305519691976.1837.516093,2000,330741901841.21882.99267,2000,33128.1761757.1914.449056,2000,33150.1841973.1918.339184,2000,3320418701968.1806.216192,2000,3322217601974.1986.131409,2000,3327719251984.1893.786173,2000,3329617971922.1966.332995,2000,333518461934.21908.865655,2000,3331908.1885.11947.532519,2000,334-646.1845.31842.506292,2000,3341891.1964.2217.527877,2000,3341940.7-584.1933.969325,2000,33912.0121945.1974.513541,2000,31951.3731908.1906.783275,2000,31973.28419651229.373598,2000,331971.4781949-623.993471,2000,1481.5231981.91290.180652,2000,1404.0321820.21954.39317,2000,31988.250-571.1956.708807,2000,31935.6061966.1899.925874,2000,1925.2271984.71958.527933,20001988.9471956.381934.863254,2001927.89301911.761975.569692,201953.778941967.681977.634261,201966.021761939.01915.247353,2001926.956081973.71797.434179,2001932.408281987.91956.597409,201917.145441875.161980.31035,2001968.453521959.41971.856443,201973.7036061906.31982.09135,2001889.3059261951.1965.035662,2001968.9731651865.1978.021341,2001908.60791883.661946.229182,2001961.44021947.451923.33089,2001980.18311914.981924.363301,201952.198661959.391981.380865,201900.95051805.0201959.462008,20-464.82161942.5081857.87218,2001906.961952.96731909.352153,2001927.671952.66211733.818565,2001830.821890.72781920.201972,2001981.681980.3841936.128253,20001799.811923.7031758.69655,2000,1903.71942.2891941.434406,2000,1523.61906.0981852.964349,2000,1931.11952.2801916.020748,2000,1854.91897.071961.476956,2000,31937.81990.471892.5538,2000,3481936.31921.1946.772971,2000,3481929.71967.1964.266441,2000,3491883.01840.1943.439661,2000,3491965.81989.1914.965262,2000,341880.521848.1986.965221,2000,351897.991983.1976.454551,2000,351971.91900.81794.941514,2000,351984.31813.21921.277381,2000,351926.91807.91910.750983,2000,351978.1985.201986.379317,2000,351958.1984.611963.747639,2000,351914.1978.041980.377741,2000,31903.1986.3091981.753521,2000,31933.1969.5401914.673063,2000,1895.1882.55091893.654599,2000,1847.1907.78681045.384977,2000,1911.1915.72581983.080184,2000,1891.1891.07751881.663402,20001926.31976.12431990.094241,20001984.31910.50241956.589181,20001979.31977.18641902.358941,20001899.71909.55861985.000129,2001916.561961.41941965.30356,2001977.861982.70221981.300062,2001949.451971.92821890.525387,21985.17061983.58061979.755785,1969.07121978.664781972.258965,448.83691961.1503961984.3105281971.48901982.2271931956.8060141956.94941981.6828911981.611041689.68341980.8665881969.4401591983.89391980.8903951966.1471371891.24711867.177761983.902042,1961.37231984.241821961.267842,1971.63201938.299101995.288216,1968.99001910.529881952.351917,1923.61591961.759231966.245062,1937.37161934.027101925.156312,1959.57071984.964231970.22428,21872.46361959.16681977.123227,21948.32121836.05691928.331351954.84851888.569001,1986.817521972.91041945.621006,1918.28891954.555101976.040527,1988.48891958.37721980.859128,21950.331810.30921990.538768,2001982.211902.17971970.515563,2001954.381981.15951961.048877,2001966.771990.66041951.408391,201909.2611948.89371910.165881,201966.5671975.20461762.317874,201889.511-616.4322-510.768995,21918.18341959.21421890.558077,21977.25151959.55231972.546155,2-575.66541982.44431884.357241,1956.008791819.52151805.984236,1992.418571985.81941992.387739,1970.152371908.76391945.12236,21944.391591972.8061964.855371,21990.885911928.8571970.415852,21982.839491911.5561951.123506,21971.674841983.6021965.284211,21988.177471984.8751978.707093,21954.901561967.9661969.812903,1993.64461,1974.4401981.935001967.009873,1962.75401951.376891907.052179,1864.93111884.669981938.321064,1876.84221975.717491970.777211859.3157241907.601211982.436141961.2488911963.450081906.95381965.198901969.023588,1972.05901986.806371981.035843,1874.8801981.271351966.807065,21986.5181915.317451969.450838,1964.92721966.886921976.996697,1944.97351966.802271976.14602,21965.2061855.195971857.794528,1978.85541985.451721970.270534,1975.06931957.511921960.9440711676.960711883.244541984.6864551980.979481872.896561893.1516781913.886831965.06803863.402127,1982.965441810.75861988.511609,1924.30511979.88631907.701617,21967.64201979.53161982.454204,2753.838921902.13671979.394416,518.5130691913.15501978.0472051991.2388031885.40041981.2110811982.6039781959.64031727.2576431907.97471921.10691914.413322,21975.21121925.29531944.994897,21985.14751975.90911887.202491,21902.31121983.14951930.569602,21981.63661799.44921902.932581,21974.07991870.41661975.548363,21831.30351975.95531992.9081971567.2949461962.41881988.3273181955.7023241752.34201949.1137151987.8690781987.03061962.5842091958.3119111961.77181991.0111341965.8384341988.06821980.1331921816.7871911976.25171955.0911761860.0888761969.90491931.5091551952.722261927.63331991.639628,1982.852051944.99951892.0141261963.3757981972.38171983.8092511992.5762291993.80871946.1546751968.9422361986.37051950.7319491970.8406991907.71521979.0498871967.9770221987.15231968.7213581443.9212361976.81661977.5675561884.80154,1981.12151974.469261994.043494,1892.07541962.533621989.5478,201986.92951979.1611973.765263,201988.24571970.6171837.897944,201981.69671985.481904.937681,2001988.49411948.681958.817628,2001982.08471983.771933.426319,2001855.71831925.671967.592707,2001974.0221994.791989.605239,20011921.71116.62551985.666086,20031951.71910.23561928.808957,20191951.21978.75471979.689812,20191984.01994.22031989.536341,20191989.41960.14611976.90335,200191992.41963.0401798.883305,200-1949.841793.0781985.001344,20191988.261786.3141988.560309,191953.781985.612061996.649941,191974.631972.353851970.582059,191980.231977.416071974.439366,191986.151959.567151985.618626,191927.341987.504191989.587821,101988.681927.486681989.933964199-509.241993.229831959.594413721972.841950.382781977.837221481940.9701971.118271821.626561941725.8421959.408331959.625961981985.4751954.365071989.854621931929.1471341.646341698.781811988.4939321985.258591992.872811982.1740251985.617511905.520411474.1119861995.657501984.681411884.9156961950.172841982.730711913.749101993.0185471993.631411972.332521981.2897061926.337411855.539051983.4699471987.29401926.1071231957.0654291936.82411819.2906491922.255298-85.082781996.5564251961.730041987.32369948.943389,-662.55331913.958981951.949064,1416.9244-469.31431-675.3654351723.950391982.12393-729.287081971.7253091990.757191927.944591967.0754271971.63737-624.76144-718.44877,1953.251511850.50331495.681617,1905.75071928.00571938.432185,21981.96741919.99231989.919318,21969.77311946.21611834.801059,21972.06111947.66981767.719904,1970.301981993.17161964.007664,1963.411911990.36831736.947838,1986.441951987.23831943.548625,1986.921941980.39281686.1669511973.7781901977.06421855.9982591966.0191891967.32971928.214441913.55811921989.07431985.028351902.87481961982.53161964.592341974.44701931946.50991981.441171977.0737191962.479471952.204701991.925198320.2110221838.526041944.4901929.5311091960.91106,21971.4591930.3217544.023525,2001917.3411983.2391970.475419,2001540.3511946.9861975.996152,2001975.0311856.6421899.106687,2001969.6211930.0111883.353564,2001970.1011983.4571920.078304,2001966.2211959.5971951.582411,2001987.41979.38541992.869968,20001924.91835.35791786.517952,20001980.1948.04781976.858251,2000,1989.1901.17341840.904671,20001969.01996.55691988.84044,2000,1750.91766.4261981.019941,2000,1965.71624.0871903.886382,2000,1971.1959.24521928.425483,2000,1996.1858.33451951.655354,2000,1993.102.159361982.75566,2000,1889.1929.01011902.383976,2000,1985.1961.19351983.715348,2000,19081978.091061976.122229,2000,19791831.848471694.692528,2000,1951936.3732121850.936485,200018951907.9795741961.214001,200019651910.2007881974.846681,200019651944.3445561942.397768,200019931965.9530011987.771363,200019221984.6915271996.259298,200019941400.24883,1975.682757,20001911934.33548,21997.599043,2000191996.437512,21988.899967,20019065.82687,20001941.848083,2001933.034711,20001971.1878,2000,1902.185025,201990.438217,2000,1992.109581,201978.008048,2000,1944.720174,201984.303083,200011986.786815,201957.61874,2000,11979.236141,21987.078628,2000,11767.038761,21970.136969,2000,11972.886954,21968.06356,2000,411979.111974,1979.651852,2000,181979.6063,201925.73408,2000,41989.633649,21978.291734,2000,41818.581565,21934.043157,2000,41976.122004,21986.866295,2000,1946.529146,21991.912549,2000,41977.196973,21888.775279,2000,1959.382499,21988.199424,2000,41923.730815,21973.031815,2000,41987.568297,21910.603377,2000,41976.533233,21973.350029,2001911922.354692,21988.845935,2001971979.617374,21968.85486,20001961967.651394,1991.706413,20001971897.929694,1926.926117,2000191961.64089,21964.38012,2000,411984.301485,1958.664839,2000,411953.628992,1974.356761,2000,41936.403851,1979.545899,2000,441983.153885,1991.505402,2000,451975.784322,1899.745882,2000,451985.358237,1991.001182,2000,41899.836421,21977.137546,2000,41978.076515,21320.714682,2000,41963.614669,21987.557792,2000,41968.111033,21987.511824,2000,41977.775204,21982.820151,2000,41944.210433,21985.601219,2000,41936.095083,21982.340685,2000,41917.355769,21979.226653,2000,41974.597975,21779.750824,2000,41982.034945,21982.886481,2000,11969.339434,21765.059178,2000,11962.760817,21721.416769,2000,11975.378455,21982.871178,2000,1980.606859,21989.12722,2000,451122.526221,1994.630382,2000,451967.027067,1622.341499,2000,411692.739552,1982.986285,2000,411989.893393,1988.187072,2000,411926.976273,1980.329343,2000,191989.540317,1977.23792,2000,411965.29065,21936.785244,2000,41967.391778,21826.77472,2000,461470.819593,1978.731248,2000,191953.41439,21427.053395,2000,1-317.996412,21521.668165,2000,1977.532209,21894.189513,2000,1970.177665,21976.960332,2000,41988.070285,21899.698674,2000,1983.489132,21968.551807,2000,1986.175672,21991.676253,2000,41969.063826,21979.088263,2000,41942.745224,21960.988052,2000,41415.091954,21985.723872,2000,41987.746187,21967.918084,2000,41917.823063,21947.769337,2000,1995.79688,201989.906981,2000,1979.769936,201931.165561,2000,1907.475176,201878.279608,2000,1956.64311,2001777.83761,2000,1872.770842,201953.030261,20001825.266625,201920.31345,2000,41970.198639,21962.037904,2000,41930.749675,21821.896394,2000,41979.810157,21990.73319,2000,41993.509032,1744.437917,2000,41972.870723,1868.14176,2000,41860.6185491927.480588,2000,4721958.8772471979.658652,2000,4731904.85681,1911.872331,2000,471962.883055,1984.721118,2000,471980.237188,1967.064302,2000,471987.073362,1984.820254,2000,471990.901451,1970.042752,2000,471962.225211,1969.00274,2000,4751974.3296921973.587642,2000,4761940.3031671940.465986,2000,471512.11566,1867.864445,2000,471922.142362,1908.278009,2000,471992.242298,1907.475975,2000,471832.645319,1969.533043,2000,471976.866489,1967.409204,2000,471960.926048,1969.108,2000,479371946.99021886.99338,2000,47964.1962.7201902.720573,2000,48026.1982.8781979.480056,2000,48055.1982.1981892.234092,2000,48119.1987.7251965.030225,2000,48146.1959.7671919.315166,2000,48209.1975.6681995.758447,2000,48238.1842.6921979.220827,2000,48301978.420291918.107036,2000,4831927.872001940.358035,2000,48391976.511041919.421335,2000,48411954.484481979.057594,2000,48461958.046241875.68983,2000,484891866.52401964.109065,2000,485521982.28861628.936319,2000,485801565.71171685.052072,2000,486441885.66421738.870501,2000,486721975.36381962.302891,2000,487341843.06471936.959974,2000,487621930.28601863.757874,2000,488261864.12451940.121917,2000,488521971.57931919.201548,2000,489161947.80461974.112186,2000,489441950.63261882.524673,2000,490081765.60121889.22923,2000,490371921.5261976.546107,2000,490991982.0931934.071525,2000,49127.1975.3331782.511658,2000,49191.1968.2211991.859082,2000,49217.1974.0001747.848384,2000,49278.1951.2891977.456076,2000,49306.1843.2521795.080994,2000,49371.1899.5311897.75901,2000,49400.31986.151980.702614,2000,49462.91970.051948.731466,2000,49490.81963.541978.720735,2000,49554.41858.661962.470181,2000,49581.51979.291921.99667,2000,49644.521980.41986.52288,2000,49672.2371938.1943.925544,2000,49736.1361904.1984.405786,2000,49763.5691923.1906.195786,2000,49826.421943.1736.105372,2000,49855.2531912.1548.790097,2000,49919.1191772.1921.997177,2000,49946.1201956.1963.570886,2000,50009.2871566.1739.872883,2000,50037.5541985.1965.865444,2000,50101.1191913.1886.179562,2000,50127.4531980.1916.964468,2000,50189.6041982.1962.659093,2000,50217.2531961.1614.334915,2000,50279.9861223.1910.163558,2000,50307.5201905.1897.84763,2000,50370.57071954690.467777,2000,50378.486531541879.972417,2000,50442.304041931917.899208,2000,50470.870551871513.926569,2000,50533.536641961207.294337,2000,50560.653171901888.093425,2000,50622.519311961984.906636,2000,50648.637819831943.809372,2000,50712.887919621985.547463,2000,50740.020116641976.939783,2000,50804.004119611902.748077,2000,50832.921119131801.961667,2000,50894.751919291772.59897,2000,50921.871434
1994.986787,2000,50983.253982
1908.081879,2000,50985.553666
1976.410348,2000,50987.922974
1986.254079,2000,50990.188609
1994.415294,2000,50992.505466
1995.811577,2000,50994.85503
1988.940446,2000,50997.221691
-396.03418,2000,50999.488462
1922.943899,2000,51001.839162
1981.554397,2000,51004.236933
